pos,reads_all,matches,mismatches,deletions,insertions,A,C,T,G,A_fraction,T_fraction,G_fraction,C_fraction
279,8045,32,7972,46,8,7911.0,54.0,11.0,,0.9835028117868663,0.0008152237240089071,,0.0068957225047672375
280,8045,7995,48,19,9,,16.0,13.0,19.0,,0.0013549740543186476,0.002392247045078425,0.0019138202950295588
281,8045,7983,50,16,5,,24.0,4.0,24.0,,0.0006391540414648277,0.002874980052124444,0.0023097259552171804
282,8049,7510,505,33,65,105.0,11.0,395.0,,0.012750324561468145,0.049095774675099214,,0.0009190099619184682
283,8042,7786,155,115,62,46.0,,93.0,31.0,0.004960012092018487,0.010991567253666996,0.003186061495004177,
284,8048,7094,104,864,241,24.0,57.0,26.0,,0.0026868949950307,0.0024285862522491234,,0.006791629042981431
285,8046,679,3245,4134,5,113.0,87.0,3054.0,,0.013775292418689442,0.37896943830780294,,0.010085160660616283
286,8041,363,3473,4215,9,,171.0,123.0,3196.0,,0.014826542906569904,0.39642631990336724,0.02043291039930792
287,8044,4665,646,2743,69,68.0,287.0,,300.0,0.007369385856442928,,0.037131531287209994,0.03503376374272505
288,8046,3443,1867,2752,431,,200.0,27.0,1639.0,,0.003224862884119948,0.20371483423916978,0.024011100960374322
289,8047,2404,2946,2706,28,336.0,176.0,,2453.0,0.04081468984328654,,0.30409404391147327,0.020834812353841776
290,8046,3381,2433,2246,24,,580.0,867.0,984.0,,0.10778932529927142,0.12215362430324526,0.07181657774631404
291,8044,2667,2610,2775,44,531.0,229.0,,1854.0,0.06556086504628053,,0.22984092790203828,0.028297013575725838
292,8044,3287,2506,2257,528,320.0,,573.0,1625.0,0.03887247622117016,0.07084022163087515,0.20149370899549682,
293,8041,4264,1646,2136,44,614.0,440.0,,602.0,0.0757249445499078,,0.07414686030788262,0.05466690309502058
294,8044,1681,4379,1996,114,2593.0,,612.0,1187.0,0.32173186462214926,0.07489334513632748,0.14709718037607847,
295,8046,4449,2022,1580,22,241.0,,394.0,1387.0,0.030059470868954018,0.048988137366183626,0.17131617236762334,
296,8039,4870,1883,1308,50,,657.0,261.0,966.0,,0.032169926897788595,0.11929752302848547,0.08184130432316485
297,8039,1452,5399,1206,21,,681.0,504.0,4226.0,,0.0621533635068506,0.5244166218895938,0.08384493162251946
298,8047,5939,769,1345,12,124.0,,266.0,394.0,0.014754216652234321,0.03207703278382758,0.0488815295955323,
299,8043,6284,728,1053,60,210.0,197.0,,328.0,0.025404406692961044,,0.039977481024883306,0.02408242724840118
300,8049,6722,862,468,64,81.0,142.0,644.0,,0.01017795240443721,0.0791813680825675,,0.017204715045381215
301,8050,6135,1395,516,51,100.0,483.0,825.0,,0.01139525646077171,0.10240627408147081,,0.05961765099973868
302,8049,1828,4392,1837,120,,839.0,400.0,3164.0,,0.04888824802932087,0.39238312601873193,0.10345559200957755
303,8046,4343,2290,1422,40,,1423.0,504.0,372.0,,0.062155582954169036,0.04564643248981966,0.17614703303797954
304,8051,5310,1492,1248,63,204.0,361.0,,937.0,0.024770354446129524,,0.11545111858394513,0.04495257789220067
305,8048,5360,1054,1641,36,91.0,265.0,714.0,,0.010243246033699503,0.08866183100873797,,0.03213253354468751
306,8053,3056,2334,2659,217,,283.0,1333.0,736.0,,0.164835080958138,0.09120940898143878,0.03395470653588715
307,8045,3052,1820,3191,71,498.0,451.0,872.0,,0.06158080283140309,0.10784549344354717,,0.05600872662250991
308,8051,2499,2277,3289,67,1150.0,,502.0,632.0,0.14261194330643634,0.061572763079357114,0.07766148653385996,
309,8055,3780,1947,2336,142,895.0,,404.0,660.0,0.1108287883942805,0.04932352708897156,0.08171091599426006,
310,8054,2286,3644,2124,126,969.0,,2232.0,449.0,0.11985710487882571,0.2769682289362334,0.05561575710177604,
311,8051,5029,1479,1558,90,272.0,575.0,634.0,,0.03331092534929223,0.07850842983260944,,0.07159316130250881
312,8051,4745,1766,1556,159,294.0,308.0,,1175.0,0.03557926351783012,,0.14565076495974508,0.037626625697818765
313,8054,5037,1337,1687,66,329.0,274.0,733.0,,0.04054557143345232,0.09100989409786676,,0.03384730681145661
314,8054,3643,1657,2762,14,912.0,409.0,351.0,,0.11214459437072309,0.043177241910697294,,0.05022049436134523
315,8053,3349,1532,3189,348,272.0,266.0,,1004.0,0.03273983246276868,,0.12466647513994361,0.031912933565341965
316,8051,2554,2474,3028,52,480.0,,373.0,1630.0,0.05953879112043278,0.04527990127447688,0.20173416357517537,
317,8054,2231,2700,3128,246,,874.0,1228.0,611.0,,0.15157184322490588,0.07599446985564888,0.10776958302076013
318,8052,2158,3390,2511,32,,625.0,1606.0,1168.0,,0.19920644986688374,0.145121085548725,0.0767297276646528
319,8053,2457,3848,1768,45,,483.0,622.0,2757.0,,0.07633991481271866,0.3413360250258516,0.05903018755686674
320,8052,6290,584,1194,18,125.0,,215.0,250.0,0.015515858253470845,0.02555707105314549,0.030306293025230427,
321,8059,6471,748,839,53,152.0,210.0,,403.0,0.01804009879950925,,0.04974734482552202,0.025020139211272434
322,8053,7298,451,315,243,141.0,170.0,151.0,,0.017429803517678796,0.01759766028669671,,0.020873240205595316
323,8054,6753,996,315,78,122.0,169.0,717.0,,0.014190770531638225,0.08827463258296488,,0.02023421809859787
324,8052,6893,667,508,49,103.0,301.0,272.0,,0.011902660293225299,0.03256870944928688,,0.03746571971047164
325,8053,4383,1736,1938,206,,762.0,146.0,842.0,,0.0172718142615365,0.10376377758088609,0.09409899876252757
326,8055,4393,1294,2383,696,122.0,511.0,,663.0,0.014373864190676232,,0.08228814211762563,0.06337396701902571
327,8057,2999,2869,2193,638,477.0,1220.0,,1183.0,0.058822043110259056,,0.14574885603124094,0.1507413744376378
328,8059,4922,983,2163,197,256.0,608.0,123.0,,0.03150694089024863,0.015212681515341366,,0.07493591596773323
329,8062,4002,1807,2264,296,738.0,,361.0,717.0,0.09110934199915816,0.044339125715197485,0.08799271051157065,
330,8061,4475,2183,1409,59,294.0,1285.0,,620.0,0.035890384635689665,,0.07655489932308746,0.15868515346945697
331,8056,1668,5107,1289,305,3664.0,,220.0,1238.0,0.4542447784907963,0.02706335440383993,0.15280410088500002,
332,8057,5381,1619,1066,88,408.0,,344.0,881.0,0.050221909839878516,0.04182013765109717,0.10899703946147994,
333,8053,6251,949,868,25,170.0,519.0,,277.0,0.020704634551969407,,0.03337166895780866,0.06363038986332037
334,8057,6850,544,675,6,,146.0,118.0,290.0,,0.01354654449538482,0.035472761220620694,0.017937023180972927
335,8054,7341,259,459,26,49.0,,63.0,161.0,0.005477135113801614,0.006980257497697463,0.019948372243769854,
336,8061,7278,367,423,3,97.0,157.0,,128.0,0.01100982262271027,,0.015015660219528285,0.01877831016499539
337,8056,7542,471,58,7,,63.0,47.0,367.0,,0.004583727419033806,0.045443722832535484,0.0077672145610715735
338,8061,7967,62,29,5,17.0,,26.0,33.0,0.001059542883211986,0.0022069273021332906,0.003992124356329826,
339,8062,8002,48,14,3,14.0,14.0,33.0,,0.0010757793941388134,0.0029526308905853437,,0.0013219789157330212
340,8061,7918,146,16,4,,75.0,43.0,33.0,,0.0053071200266755405,0.0029505522411377577,0.008807808347853493
341,8059,7869,192,2,4,,134.0,37.0,17.0,,0.004250489496701216,0.0022426790333202494,0.016619264907810544
